sam,$2y$10$EzLVsx0CUTGCTNNALVAHMOdsKZE1PIhgsrhA/c/DAEunXLtjZEFTy
dan,$2y$10$Z1ocvdJ5GDXTf80Wvct6wOJgnIcn9Mq2dYVl5ARmMbN.FjLiKuJcC
fun,$2y$10$F7JXKyDtair0okdYOZHqTOzvguZHFsVrJ9CRIESYn/gaTnMkQ.cjO
dann,$2y$10$VYQO53/1mpkbq5P17Dix8eLk8w9RmpsbsfQaOIK4c2Lz2oWwirKk2
matt,$2y$10$Fzs0PiKLkgwPgk3sERS7VO8/cN3yXpnRbK4Zp/Io5DtoyENNIe7mm
q,$2y$10$85dOieX8zDf3Ed0NnjuMPeV7wPX6pUAZ0TU2aA8Wy1F5hU9tT/2Oy
Oscar,$2y$10$bjAS6bRpRfgYB2PUNPICGu4Y8adk8h91F7JVS2gdeaE0w54c1la06
pop,$2y$10$8tbvQqRTKaglpja68zV4X.rOBf7r3AXxv/F0vwDm.woqJhkGFa4Xu
oooo,$2y$10$DSSFXjYq8jZ3Xfz0JJOkOe.R8D25blZCTlErF18yFUYY/S7cvdbOW
test,$2y$10$duFPxpmTnudJ5Gjx39LNYO7YFIbaAB7U.TkIKY7ss3abj5vJkjlAy
test2,$2y$10$PgoDdaOAdMvsNGc1xjGr8eUdKiIJywk7qlwFnBgWxGkdGVhvj86.S
user,$2y$10$yjRiXhF464HX9jbaJ1GYW.WJIkhnP7PnpZ4xMfd3KUeMzVS8ZkFx.
DDD,$2y$10$jdhXK7h5IY97tsTgseYBoOHivZx6WrI0fY0RE968k3rM0/FYNTBau
alicia,$2y$10$qcVjmFHk84Mgba1CUeldhu3h4b3z5H1W4nWZ6ZDGFyJLguWmnD/Sa
softdev,$2y$10$ffmHGvV6nnrMD0xhz9S9aOaYQKVO4T82TJ8vV2FdBBKJa.wumeq.a
new,$2y$10$mnjqar2Oe52txMjYIsJztux0y.G5lXSSMczFeTvrMqw9B135n4S8e
